0.000000,-0.650000,0.000000,1.800000,0.000000,0.420000,0.000000
0.000000,-0.650000,0.000000,1.800000,0.000000,0.420000,0.000000
0.005182,-0.650141,-0.007977,1.800337,0.000537,0.419602,-0.005448
0.013829,-0.648970,-0.018983,1.797867,0.001861,0.422235,-0.013321
0.023021,-0.649240,-0.030491,1.798081,0.003374,0.421973,-0.021581
0.028853,-0.649097,-0.039017,1.797303,0.004118,0.422831,-0.027433
0.036023,-0.649326,-0.048727,1.797589,0.005160,0.422265,-0.034264
0.044303,-0.649178,-0.059419,1.796600,0.006448,0.423272,-0.041864
0.052043,-0.649578,-0.069633,1.796810,0.007634,0.422845,-0.049082
0.058643,-0.649446,-0.078833,1.795800,0.008528,0.423796,-0.055489
0.067900,-0.649897,-0.090375,1.795680,0.010036,0.423734,-0.063801
0.073402,-0.649980,-0.098589,1.795106,0.010689,0.424107,-0.069412
0.081625,-0.650203,-0.109208,1.794507,0.011933,0.424459,-0.076985
0.089941,-0.650735,-0.119905,1.794352,0.013227,0.424326,-0.084590
0.096497,-0.650788,-0.129039,1.793324,0.014091,0.425141,-0.090934
0.105361,-0.651045,-0.140206,1.792171,0.015478,0.426128,-0.098909
0.111169,-0.651450,-0.148665,1.791886,0.016184,0.426020,-0.104724
0.119428,-0.651806,-0.159280,1.790996,0.017404,0.426565,-0.112282
0.128239,-0.652536,-0.170367,1.790517,0.018754,0.426706,-0.120223
0.133603,-0.652515,-0.178423,1.789012,0.019352,0.427965,-0.125634
0.141237,-0.652960,-0.188458,1.788195,0.020406,0.428306,-0.132734
0.150292,-0.653548,-0.199740,1.787041,0.021793,0.429101,-0.140785
0.156570,-0.653895,-0.208571,1.785791,0.022565,0.430038,-0.146850
0.163681,-0.654454,-0.218118,1.785087,0.023508,0.430130,-0.153521
0.170226,-0.654372,-0.227178,1.782817,0.024322,0.432097,-0.159697
0.178866,-0.655308,-0.238037,1.782088,0.025565,0.432280,-0.167475
0.186025,-0.655697,-0.247605,1.780448,0.026502,0.433484,-0.174096
0.193221,-0.656379,-0.257181,1.779518,0.027425,0.433758,-0.180790
0.200558,-0.656920,-0.266875,1.777850,0.028358,0.435001,-0.187541
0.208133,-0.657395,-0.276766,1.776069,0.029350,0.436220,-0.194410
0.215584,-0.658191,-0.286525,1.774800,0.030289,0.436898,-0.201247
0.222034,-0.658555,-0.295407,1.773015,0.031019,0.438055,-0.207298
0.230281,-0.659283,-0.305840,1.771145,0.032100,0.439333,-0.214626
0.237248,-0.660256,-0.315127,1.770067,0.032906,0.439740,-0.221101
0.244838,-0.660809,-0.324954,1.767965,0.033821,0.441169,-0.227904
0.252518,-0.661507,-0.334848,1.765871,0.034756,0.442641,-0.234751
0.259326,-0.662275,-0.343960,1.764149,0.035498,0.443682,-0.241013
0.266473,-0.663053,-0.353351,1.762448,0.036297,0.444543,-0.247484
0.273316,-0.663288,-0.362493,1.759438,0.037042,0.446976,-0.253590
0.281507,-0.664582,-0.372730,1.758015,0.037999,0.447539,-0.260845
0.287758,-0.665018,-0.381307,1.755486,0.038585,0.449378,-0.266575
0.294802,-0.665912,-0.390533,1.753729,0.039303,0.450173,-0.272925
0.302850,-0.666865,-0.400619,1.751186,0.040212,0.451996,-0.279887
0.309301,-0.667679,-0.409307,1.749260,0.040803,0.452980,-0.285758
0.316343,-0.668207,-0.418503,1.746280,0.041498,0.455167,-0.291906
0.324019,-0.669782,-0.428162,1.744976,0.042252,0.455453,-0.298742
0.330905,-0.670180,-0.437190,1.741544,0.042880,0.458127,-0.304697
0.338383,-0.671202,-0.446672,1.739156,0.043601,0.459497,-0.311173
0.345665,-0.672563,-0.455947,1.737231,0.044249,0.460441,-0.317593
0.351691,-0.672961,-0.464178,1.734233,0.044680,0.462436,-0.322920
0.359468,-0.674126,-0.473843,1.731572,0.045391,0.464075,-0.329536
0.366411,-0.675310,-0.482778,1.729143,0.045939,0.465535,-0.335596
0.371811,-0.675476,-0.490433,1.725891,0.046228,0.467701,-0.340379
0.380093,-0.676916,-0.500439,1.723150,0.046956,0.469353,-0.347314
0.387846,-0.678263,-0.509983,1.720235,0.047596,0.471263,-0.353819
0.393565,-0.678803,-0.517826,1.717277,0.047890,0.473030,-0.358820
0.401449,-0.680160,-0.527428,1.714296,0.048507,0.474853,-0.365359
0.407985,-0.681072,-0.535903,1.711060,0.048897,0.477033,-0.370897
0.414562,-0.682071,-0.544372,1.708205,0.049277,0.478584,-0.376470
0.422718,-0.683648,-0.554107,1.705004,0.049866,0.480642,-0.383134
0.428633,-0.684287,-0.561998,1.701551,0.050104,0.482907,-0.388129
0.435607,-0.685614,-0.570702,1.698794,0.050475,0.484254,-0.393960
0.442712,-0.686557,-0.579534,1.694828,0.050875,0.487083,-0.399654
0.450094,-0.688117,-0.588512,1.691835,0.051279,0.488731,-0.405704
0.455893,-0.689079,-0.596189,1.688810,0.051425,0.490385,-0.410622
0.463159,-0.690388,-0.605033,1.685347,0.051761,0.492447,-0.416462
0.469690,-0.691035,-0.613305,1.680972,0.052015,0.495583,-0.421562
0.476669,-0.692706,-0.621828,1.678146,0.052275,0.496911,-0.427296
0.483271,-0.693418,-0.630095,1.673753,0.052489,0.499960,-0.432404
0.490690,-0.695348,-0.638897,1.670796,0.052751,0.501408,-0.438421
0.496187,-0.695769,-0.646236,1.666644,0.052799,0.504119,-0.442725
0.503803,-0.697550,-0.655147,1.663150,0.053037,0.506061,-0.448733
0.510865,-0.698770,-0.663635,1.658831,0.053231,0.508974,-0.454112
0.516838,-0.699856,-0.671219,1.655356,0.053264,0.510798,-0.458851
0.524649,-0.701465,-0.680219,1.650938,0.053494,0.513745,-0.464713
0.530523,-0.702655,-0.687651,1.647403,0.053459,0.515666,-0.469387
0.537588,-0.704151,-0.695988,1.643428,0.053542,0.517966,-0.474764
0.543319,-0.705115,-0.703280,1.639487,0.053475,0.520283,-0.479175
0.550332,-0.706333,-0.711540,1.634926,0.053530,0.523162,-0.484310
0.558298,-0.708121,-0.720475,1.630189,0.053660,0.526306,-0.490111
0.563471,-0.709597,-0.727187,1.627317,0.053455,0.527403,-0.494385
0.569731,-0.710167,-0.734809,1.622269,0.053373,0.530644,-0.498751
0.577463,-0.711900,-0.743462,1.617431,0.053414,0.533775,-0.504283
0.583460,-0.712952,-0.750797,1.612999,0.053293,0.536432,-0.508604
0.590188,-0.714862,-0.758567,1.609257,0.053181,0.538282,-0.513673
0.596657,-0.715800,-0.766206,1.604112,0.053039,0.541618,-0.518122
0.603922,-0.717957,-0.774295,1.599984,0.052919,0.543879,-0.523484
0.609221,-0.718257,-0.781039,1.594798,0.052661,0.547210,-0.526990
0.616479,-0.720131,-0.789080,1.590240,0.052495,0.549777,-0.532157
0.623792,-0.722018,-0.797137,1.585361,0.052347,0.552756,-0.537242
0.629215,-0.723132,-0.803794,1.581029,0.052021,0.555145,-0.541100
0.635489,-0.724472,-0.811038,1.576466,0.051739,0.557572,-0.545420
0.643110,-0.726025,-0.819257,1.570544,0.051536,0.561560,-0.550366
0.649547,-0.728170,-0.826458,1.566567,0.051212,0.563470,-0.555070
0.654976,-0.728224,-0.833138,1.560614,0.050860,0.567354,-0.558206
0.661797,-0.729898,-0.840620,1.555600,0.050518,0.570201,-0.562787
0.669488,-0.732136,-0.848650,1.550162,0.050230,0.573607,-0.567915
0.675179,-0.733730,-0.855222,1.545823,0.049786,0.575792,-0.571885
0.681579,-0.735065,-0.862324,1.540585,0.049383,0.578745,-0.575951
0.687583,-0.736031,-0.869162,1.535066,0.048950,0.582029,-0.579609
0.695058,-0.738052,-0.876896,1.529272,0.048559,0.585642,-0.584366
0.700752,-0.739118,-0.883409,1.524012,0.048049,0.588639,-0.587909
0.699985,-0.741570,-0.880791,1.527936,0.044103,0.584983,-0.594962
0.700972,-0.743170,-0.879617,1.528882,0.040220,0.584362,-0.602203
0.701053,-0.743392,-0.877984,1.529198,0.036354,0.584271,-0.608294
0.702244,-0.744757,-0.876994,1.529733,0.032504,0.584039,-0.615445
0.702735,-0.746228,-0.875481,1.531216,0.028592,0.582814,-0.622427
0.703795,-0.746914,-0.874496,1.531149,0.024763,0.583138,-0.629129
0.704205,-0.747787,-0.873023,1.531895,0.020889,0.582707,-0.635697
0.705267,-0.749369,-0.871911,1.532937,0.016991,0.581971,-0.642951
0.705753,-0.750229,-0.870506,1.533685,0.013122,0.581504,-0.649528
0.706334,-0.751141,-0.869156,1.534391,0.009237,0.581106,-0.656194
0.707702,-0.752524,-0.868308,1.534816,0.005389,0.581051,-0.663397
0.708180,-0.754120,-0.866805,1.536508,0.001451,0.579692,-0.670419
0.708983,-0.754678,-0.865669,1.536549,-0.002404,0.579989,-0.676953
0.709005,-0.755875,-0.863924,1.538302,-0.006314,0.578521,-0.683506
0.710403,-0.757479,-0.863070,1.539019,-0.010225,0.578206,-0.690900
0.710905,-0.757892,-0.861751,1.539189,-0.014080,0.578413,-0.697213
0.711874,-0.759776,-0.860586,1.540769,-0.018009,0.577216,-0.704549
0.712522,-0.760381,-0.859348,1.541058,-0.021886,0.577312,-0.711047
0.713338,-0.761541,-0.858168,1.541853,-0.025784,0.576936,-0.717914
0.713752,-0.762544,-0.856738,1.542975,-0.029690,0.576173,-0.724517
0.714782,-0.764276,-0.855646,1.544300,-0.033644,0.575283,-0.731819
0.715247,-0.764700,-0.854319,1.544567,-0.037510,0.575444,-0.738116
0.716142,-0.766218,-0.853178,1.545804,-0.041427,0.574626,-0.745185
0.717144,-0.767107,-0.852164,1.546017,-0.045303,0.574928,-0.751970
0.717664,-0.768966,-0.850746,1.548128,-0.049284,0.573233,-0.759084
0.718801,-0.769951,-0.849825,1.548427,-0.053174,0.573407,-0.765982
0.719014,-0.770667,-0.848324,1.549359,-0.057080,0.572943,-0.772322
0.719892,-0.772212,-0.847188,1.550705,-0.061036,0.572052,-0.779419
0.720439,-0.772997,-0.845906,1.551424,-0.064953,0.571801,-0.785961
0.721299,-0.774214,-0.844799,1.552311,-0.068865,0.571428,-0.792838
0.722196,-0.775259,-0.843729,1.552913,-0.072765,0.571376,-0.799643
0.722672,-0.776977,-0.842343,1.554924,-0.076763,0.569843,-0.806639
0.723961,-0.778145,-0.841529,1.555296,-0.080667,0.570026,-0.813691
0.724306,-0.779255,-0.840123,1.556674,-0.084604,0.569150,-0.820266
0.725454,-0.780693,-0.839201,1.557564,-0.088560,0.568828,-0.827424
0.725563,-0.781082,-0.837707,1.558346,-0.092455,0.568530,-0.833510
0.727015,-0.783142,-0.836937,1.559603,-0.096441,0.567919,-0.841119
0.727817,-0.784076,-0.835854,1.560275,-0.100340,0.567807,-0.847793
0.728286,-0.785316,-0.834538,1.561702,-0.104322,0.566935,-0.854526
0.729042,-0.786366,-0.833421,1.562555,-0.108251,0.566673,-0.861258
0.729874,-0.787866,-0.832333,1.563939,-0.112234,0.565866,-0.868274
0.730554,-0.788716,-0.831190,1.564641,-0.116159,0.565760,-0.874875
0.731596,-0.789880,-0.830257,1.565306,-0.120066,0.565739,-0.881771
0.732409,-0.791659,-0.829145,1.566969,-0.124085,0.564746,-0.888931
0.733172,-0.792448,-0.828082,1.567593,-0.127990,0.564697,-0.895508
0.733685,-0.794032,-0.826817,1.569438,-0.132031,0.563474,-0.902438
0.734975,-0.795485,-0.826056,1.570272,-0.135959,0.563281,-0.909581
0.735151,-0.796190,-0.824639,1.571400,-0.139923,0.562769,-0.915880
0.736065,-0.797131,-0.823656,1.571915,-0.143833,0.562970,-0.922613
0.737437,-0.799094,-0.822922,1.573268,-0.147841,0.562321,-0.930098
0.737458,-0.800044,-0.821447,1.575005,-0.151842,0.561136,-0.936419
0.738925,-0.801073,-0.820787,1.574935,-0.155720,0.562029,-0.943462
0.739275,-0.802515,-0.819495,1.576903,-0.159761,0.560666,-0.950194
0.740885,-0.803853,-0.818925,1.577110,-0.163671,0.561277,-0.957464
0.740892,-0.805048,-0.817458,1.579159,-0.167707,0.559832,-0.963894
0.742160,-0.806349,-0.816718,1.579851,-0.171650,0.559860,-0.970971
0.742808,-0.807565,-0.815608,1.581032,-0.175621,0.559450,-0.977712
0.744116,-0.809136,-0.814896,1.582005,-0.179591,0.559230,-0.984940
0.744047,-0.810147,-0.813419,1.583942,-0.183631,0.557919,-0.991244
0.745886,-0.811953,-0.812999,1.584534,-0.187598,0.558170,-0.998867
0.745320,-0.812343,-0.811268,1.586285,-0.191599,0.557028,-1.004604
0.747559,-0.814742,-0.811076,1.587116,-0.195590,0.557102,-1.012693
0.747552,-0.815148,-0.809665,1.588231,-0.199551,0.556661,-1.018716
0.748191,-0.816618,-0.808609,1.589852,-0.203569,0.555796,-1.025553
0.750162,-0.818749,-0.808291,1.590739,-0.207575,0.555777,-1.033395
0.749753,-0.819066,-0.806680,1.592217,-0.211558,0.554969,-1.039164
0.751240,-0.820230,-0.806070,1.592332,-0.215449,0.555802,-1.046282
0.751841,-0.822414,-0.805057,1.595032,-0.219597,0.553788,-1.053444
0.753164,-0.823390,-0.804384,1.595207,-0.223510,0.554497,-1.060412
0.753451,-0.824612,-0.803181,1.596979,-0.227542,0.553489,-1.066945
0.755321,-0.826410,-0.802817,1.597522,-0.231513,0.553889,-1.074584
0.754888,-0.826791,-0.801247,1.599174,-0.235509,0.552919,-1.080345
0.756845,-0.828743,-0.800931,1.599786,-0.239500,0.553290,-1.088116
0.756895,-0.829820,-0.799648,1.601715,-0.243533,0.552094,-1.094429
0.758844,-0.831938,-0.799357,1.602596,-0.247550,0.552167,-1.102265
0.758783,-0.832300,-0.797988,1.603727,-0.251509,0.551829,-1.108217
0.759875,-0.833825,-0.797257,1.604922,-0.255509,0.551510,-1.115293
0.760970,-0.835430,-0.796525,1.606181,-0.259536,0.551170,-1.122442
0.761762,-0.836464,-0.795635,1.607154,-0.263521,0.551057,-1.129165
0.762610,-0.837746,-0.794784,1.608314,-0.267500,0.550802,-1.135993
0.764176,-0.839961,-0.794326,1.609739,-0.271566,0.550355,-1.143670
0.764373,-0.840804,-0.793191,1.611334,-0.275591,0.549497,-1.149956
0.765478,-0.842031,-0.792453,1.612042,-0.279543,0.549794,-1.156926
0.766693,-0.844102,-0.791852,1.613790,-0.283638,0.548966,-1.164343
0.767616,-0.845209,-0.791082,1.614747,-0.287615,0.548890,-1.171143
0.767969,-0.846289,-0.790022,1.616311,-0.291656,0.548199,-1.177647
0.769077,-0.847650,-0.789347,1.617304,-0.295641,0.548152,-1.184662
0.770247,-0.848948,-0.788656,1.617983,-0.299586,0.548548,-1.191703
0.771309,-0.850976,-0.788059,1.620010,-0.303716,0.547354,-1.198998
0.772381,-0.852190,-0.787358,1.620828,-0.307699,0.547527,-1.205966
0.772598,-0.853032,-0.786252,1.622272,-0.311715,0.546982,-1.212278
0.774384,-0.854968,-0.785932,1.623070,-0.315702,0.547278,-1.219938
0.774772,-0.856384,-0.784997,1.625107,-0.319800,0.546070,-1.226575
0.776411,-0.857845,-0.784578,1.625488,-0.323731,0.546807,-1.233958
0.776607,-0.859065,-0.783556,1.627531,-0.327830,0.545587,-1.240408
0.778368,-0.860744,-0.783203,1.627994,-0.331782,0.546283,-1.247972
0.778147,-0.861627,-0.781999,1.630187,-0.335887,0.544861,-1.254033
0.780522,-0.863694,-0.781950,1.630340,-0.339817,0.545953,-1.262115
0.780178,-0.864758,-0.780751,1.632968,-0.343972,0.544039,-1.268160
0.782183,-0.866681,-0.780524,1.633380,-0.347937,0.544859,-1.275998
0.775125,-0.861029,-0.773797,1.636376,-0.346926,0.541653,-1.268449
0.771576,-0.855767,-0.768234,1.634557,-0.345454,0.544201,-1.263291
0.769103,-0.853700,-0.763536,1.635434,-0.344426,0.543923,-1.260060
0.762564,-0.849248,-0.756935,1.638767,-0.343665,0.540429,-1.253448
0.757093,-0.843032,-0.750379,1.637994,-0.342385,0.541530,-1.246789
0.753763,-0.840019,-0.745137,1.638620,-0.341372,0.541281,-1.242646
0.749121,-0.835785,-0.739125,1.639229,-0.340391,0.540942,-1.237295
0.743344,-0.830528,-0.732410,1.639693,-0.339379,0.540662,-1.230829
0.739413,-0.826910,-0.726728,1.640028,-0.338383,0.540585,-1.226056
0.734509,-0.823349,-0.720626,1.641726,-0.337634,0.538866,-1.220759
0.729188,-0.817752,-0.713909,1.640776,-0.336534,0.540075,-1.214429
0.725295,-0.814976,-0.708283,1.641994,-0.335741,0.538963,-1.209979
0.719553,-0.810213,-0.701469,1.642669,-0.334950,0.538230,-1.203703
0.714145,-0.805455,-0.694720,1.642689,-0.334100,0.538264,-1.197628
0.709705,-0.801749,-0.688563,1.642948,-0.333289,0.538084,-1.192501
0.703746,-0.797596,-0.681605,1.644382,-0.332709,0.536425,-1.186281
0.698812,-0.792821,-0.674950,1.643451,-0.331823,0.537443,-1.180459
0.694603,-0.790205,-0.668988,1.644817,-0.331286,0.535980,-1.175894
0.688566,-0.784956,-0.661635,1.644248,-0.330528,0.536474,-1.169178
0.684166,-0.781319,-0.655323,1.644061,-0.329825,0.536653,-1.164067
0.678400,-0.777341,-0.648246,1.644888,-0.329356,0.535575,-1.157985
0.673379,-0.772532,-0.641339,1.643430,-0.328586,0.537029,-1.152059
0.668925,-0.770093,-0.635146,1.644961,-0.328226,0.535202,-1.147308
0.663027,-0.764830,-0.627612,1.643535,-0.327578,0.536529,-1.140660
0.658959,-0.761262,-0.621309,1.642571,-0.326935,0.537473,-1.135747
0.652814,-0.757491,-0.613873,1.643618,-0.326725,0.535967,-1.129415
0.647628,-0.752732,-0.606687,1.641827,-0.326132,0.537651,-1.123374
0.643477,-0.750190,-0.600465,1.642418,-0.325828,0.536757,-1.118749
0.637245,-0.745477,-0.592649,1.641593,-0.325486,0.537269,-1.111973
0.632239,-0.741325,-0.585565,1.640247,-0.325073,0.538405,-1.106232
0.627697,-0.738225,-0.578917,1.640041,-0.324797,0.538305,-1.101111
0.622034,-0.734002,-0.571394,1.639107,-0.324575,0.538878,-1.094877
0.616921,-0.730252,-0.564237,1.638249,-0.324348,0.539379,-1.089133
0.611268,-0.726178,-0.556663,1.637276,-0.324214,0.539962,-1.082921
0.606577,-0.722579,-0.549696,1.635987,-0.323984,0.540943,-1.077496
0.600793,-0.719266,-0.542162,1.636311,-0.324114,0.539989,-1.071378
0.594175,-0.713896,-0.533625,1.633753,-0.324079,0.542159,-1.064118
0.591475,-0.711454,-0.528050,1.632320,-0.323670,0.543268,-1.060303
0.585532,-0.708099,-0.520278,1.632361,-0.323940,0.542580,-1.054021
0.580299,-0.703544,-0.512608,1.629451,-0.323840,0.545201,-1.047932
0.574465,-0.700352,-0.504852,1.629381,-0.324180,0.544614,-1.041720
0.568847,-0.696518,-0.497065,1.627948,-0.324395,0.545475,-1.035494
0.564065,-0.692993,-0.489829,1.626156,-0.324474,0.546775,-1.029916
0.557934,-0.689542,-0.481738,1.625659,-0.324979,0.546531,-1.023378
0.552286,-0.685331,-0.473757,1.623305,-0.325255,0.548301,-1.016990
0.548171,-0.682365,-0.466993,1.621670,-0.325378,0.549372,-1.012000
0.542409,-0.678748,-0.459008,1.620263,-0.325869,0.550066,-1.005621
0.537405,-0.674738,-0.451353,1.617296,-0.326122,0.552547,-0.999733
0.531621,-0.671468,-0.443353,1.616318,-0.326790,0.552724,-0.993389
0.526130,-0.667381,-0.435335,1.613525,-0.327261,0.554865,-0.987069
0.521261,-0.664637,-0.428009,1.612561,-0.327844,0.555019,-0.981490
0.516317,-0.661006,-0.420412,1.610003,-0.328313,0.556866,-0.975637
0.510571,-0.657418,-0.412227,1.608002,-0.329089,0.558093,-0.969185
0.505049,-0.653705,-0.404133,1.605513,-0.329835,0.559825,-0.962880
0.499432,-0.650546,-0.396097,1.604077,-0.330754,0.560347,-0.956562
0.494330,-0.646557,-0.388172,1.600574,-0.331396,0.563148,-0.950484
0.489231,-0.643663,-0.380507,1.599075,-0.332290,0.563708,-0.944579
0.484887,-0.640274,-0.373240,1.596066,-0.332882,0.565891,-0.939163
0.478901,-0.637268,-0.364849,1.594822,-0.334156,0.566127,-0.932513
0.474525,-0.633067,-0.357277,1.590066,-0.334693,0.570219,-0.926937
0.468391,-0.630626,-0.348885,1.589910,-0.336243,0.569170,-0.920193
0.463486,-0.625817,-0.340731,1.584232,-0.336961,0.574177,-0.914086
0.458557,-0.623578,-0.333201,1.583432,-0.338213,0.573838,-0.908303
0.453129,-0.619715,-0.324845,1.579755,-0.339393,0.576608,-0.901869
0.447334,-0.616484,-0.316365,1.577500,-0.340903,0.577781,-0.895203
0.442751,-0.613009,-0.308688,1.573866,-0.341942,0.580469,-0.889498
0.437978,-0.610022,-0.301000,1.571319,-0.343200,0.581908,-0.883669
0.432546,-0.606562,-0.292647,1.568174,-0.344691,0.583975,-0.877220
0.427153,-0.603124,-0.284288,1.564931,-0.346224,0.586150,-0.870791
0.422309,-0.599603,-0.276326,1.561192,-0.347576,0.588804,-0.864794
0.416913,-0.597087,-0.268166,1.559655,-0.349405,0.589074,-0.858428
0.413154,-0.592951,-0.260835,1.553924,-0.350259,0.593851,-0.853273
0.407698,-0.590309,-0.252556,1.552075,-0.352192,0.594405,-0.846759
0.402325,-0.586308,-0.243940,1.547473,-0.353937,0.597877,-0.840232
0.397326,-0.583831,-0.235997,1.545540,-0.355828,0.598496,-0.834119
0.392092,-0.579427,-0.227295,1.539848,-0.357544,0.603146,-0.827657
0.387286,-0.577108,-0.219539,1.538118,-0.359498,0.603440,-0.821665
0.382573,-0.572851,-0.211273,1.532382,-0.361106,0.608041,-0.815631
0.378411,-0.570561,-0.204007,1.530270,-0.362863,0.608713,-0.810190
0.371738,-0.566285,-0.194030,1.525338,-0.365567,0.612461,-0.802354
0.367767,-0.563578,-0.186717,1.522104,-0.367271,0.614342,-0.797065
0.363308,-0.560516,-0.178908,1.518464,-0.369204,0.616586,-0.791268
0.358280,-0.556795,-0.170399,1.513722,-0.371378,0.620003,-0.784909
0.354090,-0.554015,-0.162858,1.510461,-0.373360,0.621785,-0.779367
0.348779,-0.550232,-0.154025,1.505610,-0.375795,0.625285,-0.772695
0.345080,-0.546916,-0.146693,1.500960,-0.377549,0.628507,-0.767620
0.338761,-0.543823,-0.137134,1.497889,-0.380806,0.630085,-0.759913
0.333935,-0.539811,-0.128539,1.492201,-0.383191,0.634416,-0.753737
0.330785,-0.536886,-0.121774,1.488091,-0.384863,0.636917,-0.749139
0.324263,-0.533875,-0.111968,1.485120,-0.388455,0.638332,-0.741077
0.321087,-0.529757,-0.104710,1.478424,-0.390073,0.643620,-0.736559
0.316480,-0.526860,-0.096577,1.474866,-0.392784,0.645543,-0.730457
0.311116,-0.523020,-0.087409,1.469627,-0.395880,0.649280,-0.723642
0.306681,-0.519890,-0.079310,1.465475,-0.398578,0.651772,-0.717680
0.301921,-0.516179,-0.070658,1.460172,-0.401470,0.655523,-0.711441
0.297681,-0.512766,-0.062561,1.455278,-0.404158,0.658781,-0.705704
0.293321,-0.509139,-0.054286,1.450021,-0.406925,0.662360,-0.699780
0.288795,-0.505545,-0.045792,1.444834,-0.409950,0.665910,-0.693766
0.284001,-0.502442,-0.037200,1.440720,-0.413253,0.668305,-0.687317
0.279314,-0.498240,-0.028287,1.434319,-0.416442,0.673071,-0.681156
0.282085,-0.498740,-0.031236,1.434574,-0.414562,0.672462,-0.684075
0.280691,-0.498271,-0.029746,1.434169,-0.415511,0.672943,-0.682658
0.280402,-0.498276,-0.029451,1.434275,-0.415755,0.672870,-0.682404
0.281238,-0.497808,-0.030115,1.433068,-0.415091,0.674039,-0.683348
0.281693,-0.498246,-0.030683,1.433758,-0.414832,0.673327,-0.683800
0.281061,-0.497902,-0.029960,1.433293,-0.415227,0.673839,-0.683147
0.281693,-0.498116,-0.030642,1.433509,-0.414816,0.673575,-0.683817
0.281948,-0.497874,-0.030802,1.432911,-0.414588,0.674183,-0.684105
0.281874,-0.497807,-0.030714,1.432807,-0.414630,0.674291,-0.684031
0.281573,-0.497702,-0.030383,1.432696,-0.414834,0.674431,-0.683724
0.281978,-0.498041,-0.030884,1.433221,-0.414586,0.673875,-0.684117
0.281128,-0.497805,-0.029981,1.433059,-0.415177,0.674093,-0.683252
0.282043,-0.498064,-0.030947,1.433244,-0.414558,0.673851,-0.684208
0.282164,-0.498045,-0.031058,1.433156,-0.414457,0.673933,-0.684321
0.282151,-0.497950,-0.031020,1.432988,-0.414459,0.674096,-0.684324
0.281999,-0.497818,-0.030835,1.432786,-0.414548,0.674310,-0.684174
0.281960,-0.497774,-0.030780,1.432703,-0.414566,0.674403,-0.684133
0.282298,-0.497811,-0.031122,1.432662,-0.414329,0.674419,-0.684491
0.281996,-0.497705,-0.030791,1.432551,-0.414533,0.674559,-0.684184
0.281876,-0.497859,-0.030728,1.432896,-0.414632,0.674211,-0.684027
0.281182,-0.497663,-0.029985,1.432755,-0.415123,0.674405,-0.683334
0.281935,-0.497770,-0.030752,1.432689,-0.414581,0.674426,-0.684109
0.281836,-0.497777,-0.030664,1.432758,-0.414657,0.674348,-0.684002
0.281341,-0.497697,-0.030151,1.432755,-0.415005,0.674398,-0.683491
0.281437,-0.497748,-0.030271,1.432837,-0.414936,0.674292,-0.683575
0.281671,-0.498273,-0.030656,1.433776,-0.414838,0.673336,-0.683765
0.281081,-0.497988,-0.030003,1.433446,-0.415223,0.673689,-0.683162
0.281636,-0.497944,-0.030523,1.433157,-0.414824,0.673955,-0.683771
0.281453,-0.497834,-0.030317,1.433012,-0.414937,0.674107,-0.683583
0.281606,-0.498266,-0.030601,1.433812,-0.414888,0.673284,-0.683699
0.281180,-0.497963,-0.030089,1.433362,-0.415151,0.673770,-0.683275
0.281719,-0.497817,-0.030569,1.432901,-0.414758,0.674197,-0.683888
0.281662,-0.497782,-0.030496,1.432831,-0.414786,0.674285,-0.683822
0.281628,-0.497762,-0.030450,1.432781,-0.414799,0.674352,-0.683779
0.281768,-0.497942,-0.030641,1.433086,-0.414726,0.674035,-0.683913
0.281754,-0.497847,-0.030603,1.432918,-0.414728,0.674198,-0.683916
0.282014,-0.497792,-0.030833,1.432710,-0.414528,0.674399,-0.684192
0.282352,-0.497829,-0.031176,1.432669,-0.414291,0.674415,-0.684549
0.281393,-0.497724,-0.030210,1.432806,-0.414974,0.674337,-0.683547
0.281826,-0.497738,-0.030644,1.432690,-0.414658,0.674416,-0.683996
0.281730,-0.497666,-0.030519,1.432570,-0.414723,0.674555,-0.683914
0.282009,-0.498133,-0.030945,1.433407,-0.414582,0.673675,-0.684150
0.281769,-0.497877,-0.030636,1.432982,-0.414710,0.674117,-0.683910
0.281647,-0.498231,-0.030625,1.433713,-0.414847,0.673390,-0.683743
0.281499,-0.497779,-0.030341,1.432876,-0.414892,0.674247,-0.683636
0.281665,-0.498308,-0.030667,1.433858,-0.414845,0.673244,-0.683754
0.280843,-0.498029,-0.029788,1.433609,-0.415397,0.673536,-0.682907
0.281476,-0.498243,-0.030470,1.433825,-0.414986,0.673272,-0.683576
0.281525,-0.497912,-0.030409,1.433135,-0.414889,0.673977,-0.683644
0.281860,-0.498210,-0.030825,1.433610,-0.414701,0.673476,-0.683985
0.281804,-0.497851,-0.030661,1.432917,-0.414677,0.674179,-0.683945
0.281842,-0.498215,-0.030808,1.433633,-0.414723,0.673453,-0.683979
0.281645,-0.498021,-0.030568,1.433333,-0.414822,0.673752,-0.683761
0.281886,-0.498211,-0.030861,1.433621,-0.414681,0.673448,-0.684009
0.281926,-0.498084,-0.030847,1.433324,-0.414626,0.673768,-0.684060
0.281913,-0.497989,-0.030810,1.433156,-0.414629,0.673931,-0.684063
0.282173,-0.497935,-0.031040,1.432948,-0.414429,0.674132,-0.684339
0.281717,-0.497900,-0.030581,1.433029,-0.414758,0.674088,-0.683868
0.281594,-0.497737,-0.030413,1.432751,-0.414822,0.674378,-0.683753
0.281683,-0.497995,-0.030583,1.433234,-0.414791,0.673881,-0.683815
0.281738,-0.497896,-0.030605,1.433022,-0.414741,0.674093,-0.683889
0.281904,-0.497885,-0.030756,1.432929,-0.414622,0.674185,-0.684074
0.281682,-0.498092,-0.030614,1.433426,-0.414801,0.673680,-0.683795
0.281781,-0.498083,-0.030707,1.433377,-0.414733,0.673723,-0.683908
0.281900,-0.497990,-0.030803,1.433176,-0.414637,0.673904,-0.684043
0.281968,-0.497987,-0.030862,1.433133,-0.414585,0.673952,-0.684114
0.282067,-0.497979,-0.030954,1.433084,-0.414518,0.673995,-0.684228
0.282014,-0.497838,-0.030862,1.432832,-0.414539,0.674252,-0.684190
0.281780,-0.497730,-0.030589,1.432678,-0.414690,0.674441,-0.683955
0.281930,-0.497962,-0.030805,1.433072,-0.414613,0.674036,-0.684089
0.281916,-0.497867,-0.030768,1.432904,-0.414616,0.674199,-0.684092
0.281925,-0.497673,-0.030704,1.432498,-0.414579,0.674627,-0.684121
0.281795,-0.498113,-0.030728,1.433426,-0.414725,0.673676,-0.683917
0.281646,-0.497661,-0.030444,1.432588,-0.414770,0.674534,-0.683810
0.281742,-0.498241,-0.030712,1.433692,-0.414784,0.673418,-0.683853
0.281331,-0.497952,-0.030238,1.433286,-0.415031,0.673833,-0.683430
0.281942,-0.498134,-0.030889,1.433447,-0.414631,0.673625,-0.684080
0.281253,-0.497818,-0.030112,1.433049,-0.415081,0.674086,-0.683380
0.282115,-0.498078,-0.031043,1.433295,-0.414508,0.673761,-0.684283
0.281543,-0.497870,-0.030383,1.432999,-0.414880,0.674154,-0.683694
0.282258,-0.498260,-0.031218,1.433554,-0.414424,0.673522,-0.684416
0.281488,-0.498031,-0.030392,1.433348,-0.414934,0.673792,-0.683606
0.281558,-0.497704,-0.030368,1.432711,-0.414852,0.674417,-0.683733
0.281920,-0.497678,-0.030713,1.432518,-0.414570,0.674594,-0.684101
0.281595,-0.497919,-0.030463,1.433088,-0.414843,0.674052,-0.683740
0.281634,-0.497803,-0.030481,1.432885,-0.414801,0.674229,-0.683788
0.281599,-0.497783,-0.030434,1.432834,-0.414814,0.674296,-0.683745
0.281868,-0.498095,-0.030791,1.433359,-0.414672,0.673747,-0.684008
0.281607,-0.497691,-0.030418,1.432663,-0.414799,0.674459,-0.683768
0.281601,-0.498111,-0.030539,1.433490,-0.414864,0.673628,-0.683717
0.281301,-0.497773,-0.030152,1.432943,-0.415029,0.674187,-0.683428
0.281969,-0.498174,-0.030929,1.433517,-0.414618,0.673556,-0.684115
0.281348,-0.498071,-0.030279,1.433505,-0.415043,0.673623,-0.683454
0.281553,-0.497624,-0.030345,1.432567,-0.414840,0.674554,-0.683731
0.282303,-0.498282,-0.031277,1.433584,-0.414379,0.673482,-0.684445
0.280901,-0.497856,-0.029790,1.433256,-0.415331,0.673890,-0.682999
0.282183,-0.498200,-0.031147,1.433501,-0.414466,0.673551,-0.684342
0.281453,-0.497976,-0.030342,1.433260,-0.414953,0.673880,-0.683588
0.281691,-0.497839,-0.030549,1.432937,-0.414760,0.674169,-0.683848
0.281759,-0.498142,-0.030707,1.433503,-0.414749,0.673596,-0.683883
0.287235,-0.500129,-0.038079,1.435371,-0.414988,0.672691,-0.697163
0.296341,-0.501188,-0.048697,1.434411,-0.412677,0.674162,-0.714465
0.302798,-0.502965,-0.056974,1.435666,-0.412321,0.673532,-0.728812
0.310450,-0.505925,-0.066744,1.438784,-0.411327,0.670883,-0.744271
0.314909,-0.508996,-0.073510,1.443247,-0.412573,0.667030,-0.756212
0.323558,-0.511816,-0.084146,1.445716,-0.411049,0.664888,-0.772586
0.328548,-0.513524,-0.090925,1.447244,-0.411912,0.663962,-0.785195
0.335328,-0.515989,-0.099544,1.449384,-0.411699,0.662374,-0.799590
0.342526,-0.517661,-0.108330,1.449887,-0.411168,0.662337,-0.814419
0.348539,-0.519635,-0.116027,1.451243,-0.411475,0.661586,-0.827998
0.355839,-0.520541,-0.124611,1.450065,-0.410862,0.663283,-0.842949
0.359850,-0.523221,-0.130688,1.453689,-0.412689,0.660179,-0.854487
0.369501,-0.524488,-0.141333,1.451821,-0.410761,0.662649,-0.871901
0.375627,-0.529097,-0.149808,1.458096,-0.411583,0.656706,-0.885484
0.382744,-0.529529,-0.157876,1.455660,-0.411292,0.659759,-0.900210
0.392413,-0.534111,-0.169350,1.459882,-0.410019,0.655898,-0.917377
0.400676,-0.535640,-0.178614,1.458794,-0.409305,0.657528,-0.933118
0.410178,-0.539366,-0.189644,1.461400,-0.408194,0.655179,-0.949981
0.417625,-0.541583,-0.198372,1.462013,-0.408216,0.654938,-0.964790
0.425633,-0.543797,-0.207574,1.462340,-0.408022,0.654940,-0.980205
0.429746,-0.543971,-0.212806,1.460650,-0.409799,0.657185,-0.991746
0.440341,-0.548904,-0.224808,1.464366,-0.408514,0.653791,-1.009684
0.443736,-0.549210,-0.229517,1.463346,-0.410747,0.655141,-1.020362
0.452778,-0.552861,-0.239735,1.465364,-0.410425,0.653490,-1.036834
0.461637,-0.555984,-0.249584,1.466233,-0.410128,0.652976,-1.052931
0.469206,-0.557689,-0.258037,1.465340,-0.410409,0.654138,-1.067646
0.475634,-0.558952,-0.265370,1.464059,-0.411235,0.655794,-1.081224
0.481308,-0.560728,-0.272159,1.464032,-0.412578,0.656209,-1.094132
0.488153,-0.562141,-0.279693,1.462391,-0.413251,0.658407,-1.108163
0.494633,-0.563590,-0.286991,1.461144,-0.414197,0.660059,-1.121873
0.499438,-0.566208,-0.293264,1.463196,-0.416288,0.658211,-1.134062
0.506415,-0.569570,-0.301398,1.465106,-0.417387,0.656518,-1.148328
0.514575,-0.572803,-0.310371,1.465858,-0.417876,0.655998,-1.163601
0.525386,-0.577444,-0.321706,1.467312,-0.417252,0.654715,-1.181303
0.531652,-0.581052,-0.329170,1.469783,-0.418950,0.652337,-1.194766
0.546493,-0.584925,-0.343199,1.466728,-0.416378,0.655764,-1.215888
0.550813,-0.587356,-0.348805,1.468194,-0.418951,0.654353,-1.227421
0.560964,-0.588318,-0.358391,1.462796,-0.418417,0.660217,-1.244006
0.563554,-0.590013,-0.362487,1.464121,-0.421780,0.658986,-1.253988
0.573441,-0.593561,-0.372458,1.463464,-0.421889,0.659799,-1.270573
0.581592,-0.596360,-0.380840,1.462468,-0.422785,0.660981,-1.285536
0.588606,-0.600169,-0.388568,1.464043,-0.424477,0.659453,-1.299621
0.595843,-0.603158,-0.396251,1.463995,-0.426018,0.659534,-1.313788
0.603671,-0.605876,-0.404206,1.462791,-0.427254,0.660898,-1.328409
0.610541,-0.607890,-0.411284,1.460989,-0.428821,0.662851,-1.342055
0.617110,-0.609732,-0.418029,1.458941,-0.430508,0.665113,-1.355434
0.622421,-0.612665,-0.424134,1.459723,-0.432898,0.664360,-1.367728
0.626166,-0.615452,-0.429158,1.461740,-0.436181,0.662185,-1.378841
0.636259,-0.620164,-0.438815,1.461513,-0.436940,0.662533,-1.395605
0.642582,-0.622659,-0.445368,1.460507,-0.439070,0.663591,-1.408838
0.652528,-0.629198,-0.455011,1.462949,-0.440347,0.661300,-1.425773
0.658224,-0.631508,-0.461037,1.462027,-0.442822,0.662115,-1.438349
0.670491,-0.635519,-0.471552,1.457888,-0.442701,0.666656,-1.456563
0.677093,-0.639037,-0.478244,1.457849,-0.445042,0.666621,-1.470074
0.684549,-0.640470,-0.485016,1.453453,-0.446634,0.671209,-1.483876
0.688190,-0.642122,-0.489477,1.453048,-0.449931,0.671403,-1.494604
0.694963,-0.645306,-0.496160,1.452214,-0.452235,0.672119,-1.508202
0.702541,-0.649180,-0.503322,1.451424,-0.454319,0.672918,-1.522588
0.709321,-0.652909,-0.509988,1.451230,-0.456805,0.672897,-1.536277
0.717960,-0.658037,-0.517918,1.451309,-0.458819,0.672697,-1.551733
0.725131,-0.661017,-0.524473,1.449123,-0.461054,0.674820,-1.565559
0.733786,-0.664397,-0.532024,1.446274,-0.462848,0.677507,-1.580609
0.740401,-0.667173,-0.538072,1.443956,-0.465242,0.679788,-1.593889
0.745469,-0.668521,-0.542969,1.440934,-0.468026,0.682710,-1.605668
0.752208,-0.673678,-0.549531,1.442358,-0.470947,0.680891,-1.619578
0.758396,-0.676780,-0.555336,1.440919,-0.473700,0.682033,-1.632568
0.765300,-0.682084,-0.561805,1.442044,-0.476703,0.680578,-1.646764
0.771616,-0.686324,-0.567685,1.441891,-0.479703,0.680434,-1.660177
0.781660,-0.693177,-0.575745,1.441389,-0.481811,0.681021,-1.677260
0.787840,-0.695465,-0.581137,1.438265,-0.484584,0.683794,-1.690059
0.799746,-0.698726,-0.589425,1.429970,-0.485274,0.692525,-1.707596
0.805707,-0.702764,-0.594788,1.429359,-0.488451,0.692731,-1.720724
0.812068,-0.705225,-0.600134,1.425947,-0.491151,0.695829,-1.733664
0.815087,-0.707753,-0.603855,1.426402,-0.495128,0.694681,-1.743991
0.823342,-0.711035,-0.610146,1.421993,-0.497429,0.698875,-1.758814
0.830058,-0.714771,-0.615713,1.419861,-0.500316,0.700522,-1.772401
0.838371,-0.720765,-0.622198,1.418935,-0.503108,0.701078,-1.787982
0.845646,-0.725287,-0.627923,1.416944,-0.506004,0.702602,-1.802295
0.852744,-0.729397,-0.633447,1.414479,-0.508940,0.704587,-1.816419
0.857818,-0.731855,-0.637873,1.412056,-0.512268,0.706311,-1.828390
0.864284,-0.734598,-0.642668,1.407823,-0.515070,0.710332,-1.841750
0.866642,-0.738623,-0.645913,1.410384,-0.519535,0.706958,-1.852046
0.874530,-0.742826,-0.651455,1.406474,-0.522217,0.710575,-1.866989
0.877509,-0.745502,-0.654854,1.406555,-0.526330,0.709549,-1.877404
0.886865,-0.753013,-0.661146,1.405004,-0.529104,0.710865,-1.894542
0.892096,-0.755556,-0.665408,1.402152,-0.532484,0.712765,-1.906664
0.903186,-0.763628,-0.672190,1.398804,-0.534777,0.715962,-1.925402
0.907814,-0.766240,-0.675918,1.396233,-0.538279,0.717717,-1.937169
0.918436,-0.768605,-0.681821,1.385705,-0.539689,0.728088,-1.953737
0.925582,-0.774896,-0.686688,1.384536,-0.542968,0.728539,-1.968755
0.933899,-0.778631,-0.691673,1.378468,-0.545464,0.734027,-1.984016
0.941658,-0.781607,-0.696249,1.371838,-0.547928,0.740133,-1.998630
0.944686,-0.785664,-0.699425,1.373087,-0.552322,0.737664,-2.009708
0.952945,-0.791570,-0.704223,1.369249,-0.555152,0.740981,-2.025851
0.956678,-0.794643,-0.707371,1.367923,-0.559022,0.741217,-2.037177
0.962688,-0.799433,-0.711287,1.365631,-0.562535,0.742647,-2.051228
0.969817,-0.804494,-0.715597,1.362228,-0.565643,0.745052,-2.066009
0.975240,-0.807279,-0.719052,1.357969,-0.568882,0.748366,-2.078771
0.977977,-0.811558,-0.721863,1.359264,-0.573268,0.745761,-2.089680
